hoge,hoge@example.com
fuge,fuge@example.com
atkk,atkk@example.com
takagi,takagi@example.com
mineta,mineta@@example.com
suzuki,suziki@@example.com
yoda,yoda@example.com
yoneda,yoneda@example.com
tanaka,tanaka@example.com
admin,root@example.com